{"validation_0": {"error": [0.27516680108512354, 0.27368524843817554, 0.26959454505462277, 0.2656302540129598, 0.26055353436266687, 0.2541317873946669, 0.25231903441196774, 0.2510018178094764, 0.24931547716866692, 0.24583155302618506, 0.24198608958589846, 0.2405626866162197, 0.23963987652042446, 0.23530393319360557, 0.23059886582846856, 0.2271124134391489, 0.22538056435525913, 0.22231885743468907, 0.22070077945850008, 0.21656709587870482, 0.21483777504165286, 0.21219575709615682, 0.21161173207662612, 0.20890650796018517, 0.20594087441945133, 0.20355673765141039, 0.20063155606008126, 0.19893763067875841, 0.19721083808854425, 0.19406822726916476, 0.18889796248587343, 0.1875858023770577, 0.18595761141351752, 0.1843648159057065, 0.18246610253052226, 0.18199079212501676, 0.18055474792114903, 0.17958642938227345, 0.1767219257150514, 0.17511143247937583, 0.17406221004169078, 0.17067435927904512, 0.16809049101081835, 0.16627268153444358, 0.16494282369776325, 0.1636407765762987, 0.16169908300487193, 0.1605462024468373, 0.16014926769330343, 0.15938320890145147, 0.15785867605826093, 0.15627346529096328, 0.15497141816949872, 0.15376797267470818, 0.1529589336866137, 0.15098690115313337, 0.14960647837969718, 0.1476116916246767, 0.14629194677534757, 0.14549302077460427, 0.14401905286816963, 0.14246923755660112, 0.14126326381497278, 0.14012049624428932, 0.1393873046613287, 0.13851758774912712, 0.13748100654563106, 0.1363382389749476, 0.13540531589180116, 0.1344041301440342, 0.13272031775006257, 0.13204021935069565, 0.13119578490687203, 0.13037157643775077, 0.12916813094296023, 0.12835403546119015, 0.12744892309325945, 0.1267865224217571, 0.12537323243942952, 0.12439985740687835, 0.12334810672235552, 0.12228624305048151, 0.12170727452462639, 0.12123449236595868, 0.12082491637823584, 0.11974788322533506, 0.11859500266730041, 0.11757359094483112, 0.11677719319092561, 0.11627154382336656, 0.11496444020822641, 0.11374835347924689, 0.11253479499710516, 0.11205189985108627, 0.11126561508453194, 0.11022397738736028, 0.10938965593088784, 0.10872472701254769, 0.10804968510685635, 0.10717491170097919], "logloss": [0.5693110791805203, 0.5608422470299375, 0.546738300428243, 0.5364688962012668, 0.5259026904056564, 0.5137493284890334, 0.5105683031853625, 0.5089277259761927, 0.5039316997877259, 0.49842104030178164, 0.49214246323549193, 0.4892951931693926, 0.4872534811942191, 0.48021919394431234, 0.4725982941655011, 0.4667170575039506, 0.4635072667283054, 0.4584318069903473, 0.4557299623845244, 0.44906619851052654, 0.4459190829399806, 0.4417330128268966, 0.44032198372958586, 0.4363064333194934, 0.43079664361619574, 0.42653872914094243, 0.4227101795260959, 0.4196153333844018, 0.4170037002445176, 0.41233698611768566, 0.40430385182615414, 0.40212406563504843, 0.3992013459660791, 0.39658193839061623, 0.39338747856760525, 0.39263180431458855, 0.39031378556373564, 0.3880989447742623, 0.3843348599591035, 0.3816831785654043, 0.3802963933785355, 0.374948781597412, 0.3708354342071341, 0.3670576738468893, 0.3646587720209064, 0.3624089647967566, 0.3592178871906274, 0.35705858468511187, 0.35630662728063234, 0.3550087176324182, 0.35202851405878627, 0.3489847842182993, 0.3468015718048073, 0.3444558040911803, 0.3431406070593113, 0.34034396861217486, 0.3379858153966931, 0.3345874673948634, 0.3322795989526775, 0.3306912947840735, 0.32791948290271744, 0.32497959509547436, 0.32281294822991885, 0.3203868817397758, 0.3189334048675157, 0.3176975264303555, 0.3157416101516914, 0.31397160448489786, 0.3125422788200454, 0.3103292661728936, 0.30797354954154615, 0.3064452105647905, 0.3048169766216354, 0.30363896429079457, 0.3016880352980801, 0.3001549789858226, 0.2984466804050564, 0.2973595026762552, 0.2952328035997995, 0.2933038760718238, 0.291623953872069, 0.289827171911719, 0.28863281237465993, 0.2876113335410021, 0.2864218589766262, 0.28506414337264363, 0.2826591795481438, 0.2805601119410695, 0.2793660749059085, 0.2784849123332662, 0.2760162122287964, 0.274219117431335, 0.271963661570844, 0.2708811080762532, 0.26926691222170335, 0.26756040214802096, 0.2662396362732845, 0.2650229275508721, 0.263397296599671, 0.26193875033440267]}, "validation_1": {"error": [0.27722914960104367, 0.2758487303176481, 0.27254937653590605, 0.2685522283911289, 0.2647826218864719, 0.2589423864567216, 0.2582066684869998, 0.25773641576408485, 0.2562118867752799, 0.25497557719729375, 0.2518051636782865, 0.2511377082006007, 0.25017444859075877, 0.24678407815296866, 0.2440004854221656, 0.24120930797002518, 0.24040532750826735, 0.23851673189527017, 0.2372500834319347, 0.23396589909286733, 0.2326234034161585, 0.2308485786232214, 0.23068929947513728, 0.22795121507235824, 0.22638117775552927, 0.22412851551833984, 0.22351415309001546, 0.2226419101362216, 0.22155729498498225, 0.22032857012833348, 0.21524680683231698, 0.2145945207973059, 0.21284245016838083, 0.2112496586875398, 0.21001334910955372, 0.21018021297897516, 0.20927763113983192, 0.20879979369557963, 0.2069794605746185, 0.20692636752525712, 0.2065623009010649, 0.2039910803677073, 0.20276235551105853, 0.20105579321015746, 0.19961469615606323, 0.19931889202390704, 0.19765783805103002, 0.19771093110039137, 0.19758957555899395, 0.19749097418160858, 0.19575407299535816, 0.1952231425017445, 0.19449500925336002, 0.19319802190467522, 0.192833955280483, 0.1921589150814599, 0.19113497770091928, 0.18989866812293316, 0.1884727405115136, 0.18828312247808016, 0.18706198234276872, 0.18599253663420406, 0.18517338672977154, 0.18521131033645824, 0.18486999787627803, 0.18511270895907284, 0.18477898122022998, 0.18403567852917083, 0.18338339249415977, 0.1826173356390886, 0.18150996632383726, 0.18103212887958497, 0.1804025970085859, 0.17935590546403324, 0.17969721792421348, 0.1789311610691423, 0.1783471375261673, 0.17811201116470982, 0.17783896119656564, 0.17718667516155456, 0.17629167804374868, 0.17628409332241132, 0.17569248505809895, 0.1752829101058827, 0.17504778374442523, 0.17511604623646126, 0.17445617548011286, 0.17378872000242712, 0.17405418524923394, 0.17358393252631898, 0.17252207153909166, 0.1732274506234641, 0.17210491186553806, 0.1718546160614059, 0.17120233002639482, 0.1708610175662146, 0.17072449258214253, 0.17024665513789022, 0.16985224962834866, 0.16929098024938563],