{"validation_0": {"error": [0.2825492818514857, 0.28233943736394873, 0.28074158536246213, 0.27328072894412825, 0.272036831499933, 0.27167023570845267, 0.2698625392194291, 0.2660979796779519, 0.2644647322207362, 0.2607734918375551, 0.257501940429448, 0.2547866033256559, 0.25282721202636455, 0.25054420513183545, 0.24784150926223228, 0.24695156637532836, 0.24517673709519608, 0.24481772604422916, 0.24087113273043073, 0.2375186774235142, 0.2357008679471394, 0.23276304512162133, 0.22922602779554574, 0.22537803610842133, 0.2233604951318607, 0.22018754535042764, 0.21844305503234893, 0.2170626322589127, 0.216157519890982, 0.21424869352844658, 0.21262050256490642, 0.2118165200704875, 0.206636142299845, 0.20275528340382928, 0.20190073597265448, 0.19939018686272378, 0.19674311242355214, 0.19535510490960253, 0.19400502109821985, 0.1928091603439427, 0.19064245280395214, 0.1897651511512372, 0.18836197415626083, 0.18676159390793642, 0.18594244193249077, 0.18368471750633958, 0.1823927833722262, 0.18044097681344826, 0.17921730534395533, 0.1777433374375207, 0.17679777312018527, 0.1749622659159459, 0.1734630155411333, 0.17221406160326244, 0.17107129403257898, 0.17041647810159002, 0.16761770885215066, 0.16641173511052232, 0.16609064776212232, 0.16506165129913963, 0.1633753106583302, 0.1618760602835176, 0.16068272777607823, 0.15923151409118375, 0.15880676862243415, 0.1575502299440499, 0.15638976464550186, 0.1557324204676751, 0.15518884739754912, 0.15358088240871132, 0.1514571550649633, 0.1509287514758641, 0.15022337060811922, 0.1497910403988562, 0.1482943182708814, 0.14773304747289087, 0.14689114127590505, 0.1457938821483019, 0.14433255547605625, 0.1435589119436909, 0.14245659632241214, 0.14137703492267356, 0.14096998718178852, 0.14022921085831452, 0.13971344850340428, 0.13834313871731924, 0.13746836531144208, 0.13680343639310194, 0.136345823715461, 0.13565561232874288, 0.13540531589180116, 0.13471510450508303, 0.13391870675117754, 0.13328917328856651, 0.13284167359827675, 0.13213882097736968, 0.13158260667305471, 0.13076345469760903, 0.1301996556527807, 0.1294588793293067], "logloss": [0.582464569136907, 0.5743097307159559, 0.5663605258123512, 0.5511071579800338, 0.5454064338432062, 0.5435464777476737, 0.5380796439190161, 0.5315177569638929, 0.5275095709660674, 0.5200963312836737, 0.5144154833816846, 0.5096928453311191, 0.5069249223512898, 0.5029731432501846, 0.49877701998050783, 0.49700223245758957, 0.4939968972404453, 0.49311871086984044, 0.4872549331458068, 0.48174904450458006, 0.4791414212047771, 0.47563007061674, 0.46937877011350015, 0.4634533325323252, 0.46015972407565214, 0.4553923659437215, 0.45241028727031674, 0.45033840682801884, 0.448326153276985, 0.4449855560403733, 0.4424529951823787, 0.4407672787818801, 0.4330015485287867, 0.4278002798432122, 0.42607745324956875, 0.4225143970440394, 0.41848052516404577, 0.41556146748176404, 0.41336902352495575, 0.41101031273987293, 0.4082162446343481, 0.40611768509596163, 0.40423875662481945, 0.40132704586031964, 0.39997814944370397, 0.39648516778514775, 0.3941705463129601, 0.3912888603873359, 0.38911858999063226, 0.3858751346605512, 0.38465483521340804, 0.3817681132259887, 0.37990070230113476, 0.3773877944147319, 0.3756715039179348, 0.37361538975194253, 0.37028928133710803, 0.36850899686029936, 0.36775115756310467, 0.365646987261783, 0.36273954420023696, 0.36045420040632936, 0.3583084849128046, 0.3559295008257556, 0.35501442670768557, 0.3530805721330078, 0.35106995973002514, 0.34984418274061496, 0.3485878475630953, 0.345975169271445, 0.34326051123798, 0.3421692213964589, 0.3406416754022134, 0.3397287180699319, 0.337629506315566, 0.33624483974853636, 0.3349037046682584, 0.33304637911429963, 0.33061537232234606, 0.3292164352648685, 0.3277646638311931, 0.32611645207407475, 0.3253247657391317, 0.3240941619994155, 0.32315303984388344, 0.32137091008796526, 0.3198391775043965, 0.3189083311855212, 0.3179751222606013, 0.3169896416652693, 0.31658395671463924, 0.3155590344654685, 0.31389621131006873, 0.31282757988197496, 0.3119291042661926, 0.31063642612508985, 0.308778626920778, 0.3077631836552049, 0.30695023505543234, 0.30525516099553873]}, "validation_1": {"error": [0.28218955735566276, 0.28252328509450564, 0.281006340827038, 0.2737781013925548, 0.27320166257091716, 0.2725948848639301, 0.27248111404387004, 0.269765783805103, 0.26881769363793573, 0.2666788022208064, 0.2646081732957131, 0.263910378932678, 0.2623934346652104, 0.26047450016686385, 0.25897272534207094, 0.25866933648857743, 0.2575695518946634, 0.25757713661600073, 0.25517277995206455, 0.2524119413852735, 0.250561269378963, 0.24952974727708505, 0.24711780589181154, 0.24384879099541884, 0.24193744121840963, 0.23984405812930432, 0.23831952914049936, 0.2372273292679227, 0.23611995995267135, 0.23620339188738207, 0.2352553017202148, 0.23454992263584237, 0.22900549133824824, 0.22707897211856437, 0.22753405539880464, 0.22541791814568732, 0.2230590698097752, 0.2218455143958011, 0.22154971026364492, 0.22000242711082796, 0.21912259943569673, 0.21837171202330027, 0.21677133582112193, 0.2154060859804011, 0.21506477352022085, 0.2133961348260065, 0.21204605442796032, 0.21109037953945572, 0.21029398379903522, 0.20899699645035041, 0.20826127848062861, 0.20674433421316102, 0.20603137040745123, 0.20455993446800766, 0.20352082764479232, 0.20240587360820364, 0.20094960711143472, 0.2001456266496769, 0.200282151633749, 0.1992657989745457, 0.1984163101847638, 0.19730894086951245, 0.19657322289979065, 0.19509420223900975, 0.19469979672946816, 0.19408543430114378, 0.19294014137920573, 0.19284912472315768, 0.1922347622948333, 0.1919996359333758, 0.19003519310700526, 0.18914019598919934, 0.18866235854494706, 0.1884727405115136, 0.18790388641121325, 0.18744880313097298, 0.1878507933618519, 0.18676617821061253, 0.1860607991262401, 0.18587876581414398, 0.18541609781256638, 0.18431631321865236, 0.18420254239859227, 0.18413427990655623, 0.18372470495433998, 0.1834061466581718, 0.18305724947665422, 0.18289797032857014, 0.18245805649100452, 0.1823518703922818, 0.1822153454082097, 0.18201055793210158, 0.1807970025181275, 0.180023360941719, 0.1795834471041534, 0.17911319438123843, 0.1796820484815388, 0.1790070082825157, 0.17895391523315432, 0.17822578198476988],